{
  "summary": {
    "precision@3": {
      "bm25": 1.0,
      "hybrid": 0.9166666666666666,
      "improvement_pct": -8.333333333333337
    },
    "precision@5": {
      "bm25": 1.0,
      "hybrid": 0.95,
      "improvement_pct": -5.000000000000004
    },
    "precision@10": {
      "bm25": 1.0,
      "hybrid": 0.975,
      "improvement_pct": -2.500000000000002
    },
    "recall@3": {
      "bm25": 0.15,
      "hybrid": 0.1375,
      "improvement_pct": -8.333333333333323
    },
    "recall@5": {
      "bm25": 0.25,
      "hybrid": 0.2375,
      "improvement_pct": -5.000000000000004
    },
    "recall@10": {
      "bm25": 0.5,
      "hybrid": 0.4875,
      "improvement_pct": -2.500000000000002
    },
    "f1@3": {
      "bm25": 0.2608695652173913,
      "hybrid": 0.2391304347826087,
      "improvement_pct": -8.333333333333327
    },
    "f1@5": {
      "bm25": 0.4,
      "hybrid": 0.38,
      "improvement_pct": -5.000000000000004
    },
    "f1@10": {
      "bm25": 0.6666666666666666,
      "hybrid": 0.6499999999999999,
      "improvement_pct": -2.500000000000008
    }
  },
  "mrr": {
    "bm25": 1.0,
    "hybrid": 0.875,
    "improvement_pct": -12.5
  },
  "detailed_results": [
    {
      "query": "What is IPC Section 302 about murder?",
      "num_relevant": 20,
      "bm25": {
        "retrieval_time": 0.20211434364318848,
        "retrieved_ids": [
          36866,
          31935,
          36768,
          36462,
          32359,
          35458,
          30117,
          32570,
          30365,
          31283
        ],
        "precision@3": 1.0,
        "recall@3": 0.15,
        "f1@3": 0.2608695652173913,
        "precision@5": 1.0,
        "recall@5": 0.25,
        "f1@5": 0.4,
        "precision@10": 1.0,
        "recall@10": 0.5,
        "f1@10": 0.6666666666666666,
        "mrr": 1.0
      },
      "hybrid": {
        "retrieval_time": 0.2561216354370117,
        "retrieved_ids": [
          36866,
          35458,
          33861,
          32966,
          32776,
          33686,
          30365,
          36768,
          29344,
          30117
        ],
        "precision@3": 1.0,
        "recall@3": 0.15,
        "f1@3": 0.2608695652173913,
        "precision@5": 1.0,
        "recall@5": 0.25,
        "f1@5": 0.4,
        "precision@10": 1.0,
        "recall@10": 0.5,
        "f1@10": 0.6666666666666666,
        "mrr": 1.0
      }
    },
    {
      "query": "Explain bail procedure under CrPC Section 439",
      "num_relevant": 20,
      "bm25": {
        "retrieval_time": 0.20393013954162598,
        "retrieved_ids": [
          45166,
          48692,
          47538,
          49827,
          44664,
          46369,
          49258,
          46967,
          45766,
          48111
        ],
        "precision@3": 1.0,
        "recall@3": 0.15,
        "f1@3": 0.2608695652173913,
        "precision@5": 1.0,
        "recall@5": 0.25,
        "f1@5": 0.4,
        "precision@10": 1.0,
        "recall@10": 0.5,
        "f1@10": 0.6666666666666666,
        "mrr": 1.0
      },
      "hybrid": {
        "retrieval_time": 0.23100018501281738,
        "retrieved_ids": [
          74340,
          46369,
          49827,
          47538,
          48692,
          45766,
          49258,
          45166,
          48111,
          46967
        ],
        "precision@3": 0.6666666666666666,
        "recall@3": 0.1,
        "f1@3": 0.1739130434782609,
        "precision@5": 0.8,
        "recall@5": 0.2,
        "f1@5": 0.32000000000000006,
        "precision@10": 0.9,
        "recall@10": 0.45,
        "f1@10": 0.6,
        "mrr": 0.5
      }
    },
    {
      "query": "What is the difference between murder and culpable homicide?",
      "num_relevant": 20,
      "bm25": {
        "retrieval_time": 0.27038097381591797,
        "retrieved_ids": [
          36942,
          34775,
          35817,
          37037,
          37444,
          37858,
          32015,
          29687,
          33404,
          35239
        ],
        "precision@3": 1.0,
        "recall@3": 0.15,
        "f1@3": 0.2608695652173913,
        "precision@5": 1.0,
        "recall@5": 0.25,
        "f1@5": 0.4,
        "precision@10": 1.0,
        "recall@10": 0.5,
        "f1@10": 0.6666666666666666,
        "mrr": 1.0
      },
      "hybrid": {
        "retrieval_time": 0.30486488342285156,
        "retrieved_ids": [
          34113,
          33219,
          37444,
          36745,
          36942,
          32015,
          34775,
          37985,
          37858,
          35239
        ],
        "precision@3": 1.0,
        "recall@3": 0.15,
        "f1@3": 0.2608695652173913,
        "precision@5": 1.0,
        "recall@5": 0.25,
        "f1@5": 0.4,
        "precision@10": 1.0,
        "recall@10": 0.5,
        "f1@10": 0.6666666666666666,
        "mrr": 1.0
      }
    },
    {
      "query": "How are confessions handled under Evidence Act Section 24?",
      "num_relevant": 20,
      "bm25": {
        "retrieval_time": 0.27994728088378906,
        "retrieved_ids": [
          39076,
          48769,
          43225,
          46213,
          47836,
          44852,
          42466,
          47520,
          49075,
          40145
        ],
        "precision@3": 1.0,
        "recall@3": 0.15,
        "f1@3": 0.2608695652173913,
        "precision@5": 1.0,
        "recall@5": 0.25,
        "f1@5": 0.4,
        "precision@10": 1.0,
        "recall@10": 0.5,
        "f1@10": 0.6666666666666666,
        "mrr": 1.0
      },
      "hybrid": {
        "retrieval_time": 0.3549942970275879,
        "retrieved_ids": [
          39076,
          43584,
          48769,
          46213,
          46541,
          40145,
          48148,
          39767,
          43225,
          47836
        ],
        "precision@3": 1.0,
        "recall@3": 0.15,
        "f1@3": 0.2608695652173913,
        "precision@5": 1.0,
        "recall@5": 0.25,
        "f1@5": 0.4,
        "precision@10": 1.0,
        "recall@10": 0.5,
        "f1@10": 0.6666666666666666,
        "mrr": 1.0
      }
    },
    {
      "query": "What is common intention under IPC Section 34?",
      "num_relevant": 20,
      "bm25": {
        "retrieval_time": 0.25699496269226074,
        "retrieved_ids": [
          34299,
          34106,
          33816,
          34484,
          34207,
          33469,
          33395,
          34379,
          33545,
          33685
        ],
        "precision@3": 1.0,
        "recall@3": 0.15,
        "f1@3": 0.2608695652173913,
        "precision@5": 1.0,
        "recall@5": 0.25,
        "f1@5": 0.4,
        "precision@10": 1.0,
        "recall@10": 0.5,
        "f1@10": 0.6666666666666666,
        "mrr": 1.0
      },
      "hybrid": {
        "retrieval_time": 0.2865746021270752,
        "retrieved_ids": [
          33545,
          34379,
          33228,
          33996,
          33685,
          33816,
          34207,
          34484,
          33395,
          34106
        ],
        "precision@3": 1.0,
        "recall@3": 0.15,
        "f1@3": 0.2608695652173913,
        "precision@5": 1.0,
        "recall@5": 0.25,
        "f1@5": 0.4,
        "precision@10": 1.0,
        "recall@10": 0.5,
        "f1@10": 0.6666666666666666,
        "mrr": 1.0
      }
    },
    {
      "query": "Explain the procedure for framing charges under CrPC",
      "num_relevant": 20,
      "bm25": {
        "retrieval_time": 0.2549879550933838,
        "retrieved_ids": [
          43536,
          43606,
          40813,
          41472,
          41220,
          40529,
          41723,
          40953,
          40379,
          42538
        ],
        "precision@3": 1.0,
        "recall@3": 0.15,
        "f1@3": 0.2608695652173913,
        "precision@5": 1.0,
        "recall@5": 0.25,
        "f1@5": 0.4,
        "precision@10": 1.0,
        "recall@10": 0.5,
        "f1@10": 0.6666666666666666,
        "mrr": 1.0
      },